monday,6:30pm
tuesday,6:30pm
wednesday,6:30pm
monday,7:00pm,7:30pm
tuesday,7:30pm
wednesday,7:00pm,7:30pm
thursday,7:30pm
monday,8:00pm,8:30pm,9:00pm
tuesday,8:00pm,8:30pm,9:00pm
wednesday,8:00pm,8:30pm,9:00pm
thursday,8:00pm,8:30pm,9:00pm
friday,8:00pm,8:30pm,9:00pm
monday,7:30pm,8:00pm,8:30pm,9:00pm
tuesday,7:30pm,8:00pm,8:30pm,9:00pm
wednesday,7:30pm,8:00pm,8:30pm,9:00pm
thursday,7:30pm,8:00pm,8:30pm,9:00pm
friday,6:30pm,7:00pm,7:30pm,8:00pm,8:30pm,9:00pm
tuesday,6:30pm,7:00pm,7:30pm,8:00pm,8:30pm,9:00pm
friday,6:30pm,7:00pm,7:30pm,8:00pm,8:30pm,9:00pm
monday,8:00pm,8:30pm,9:00pm
wednesday,6:30pm,7:00pm,7:30pm
thursday,6:30pm,7:00pm,7:30pm,8:00pm
wednesday,8:00pm,8:30pm,9:00pm
monday,8:00pm
tuesday,8:00pm
wednesday,8:00pm
thursday,8:00pm
friday,8:00pm
monday,8:00pm,8:30pm,9:00pm
tuesday,7:30pm,8:00pm,8:30pm,9:00pm
thursday,7:00pm,7:30pm,8:00pm,8:30pm,9:00pm
thursday,8:30pm
friday,6:30pm
monday,7:00pm,7:30pm,8:00pm,8:30pm,9:00pm
tuesday,7:00pm,7:30pm,8:00pm,8:30pm,9:00pm
wednesday,7:00pm,7:30pm,8:00pm,8:30pm,9:00pm
thursday,8:00pm,8:30pm,9:00pm
friday,7:00pm,7:30pm,8:00pm
monday,6:30pm,7:00pm,7:30pm,8:00pm,8:30pm,9:00pm
tuesday,6:30pm,7:00pm,7:30pm,8:00pm,8:30pm,9:00pm
thursday,8:30pm,9:00pm
monday,6:30pm,7:00pm,7:30pm,8:00pm,8:30pm,9:00pm
tuesday,6:30pm,7:00pm,7:30pm,8:00pm,8:30pm,9:00pm
wednesday,6:30pm,7:00pm,7:30pm,8:00pm,8:30pm,9:00pm
thursday,6:30pm,7:00pm,7:30pm,8:00pm,8:30pm,9:00pm
friday,6:30pm,7:00pm,7:30pm,8:00pm,8:30pm,9:00pm
monday,6:30pm,7:00pm,7:30pm,8:00pm
tuesday,6:30pm,7:00pm
wednesday,6:30pm,7:00pm,7:30pm
thursday,6:30pm,7:00pm
monday,6:30pm,7:00pm,7:30pm,8:00pm,8:30pm
tuesday,6:30pm,7:00pm,7:30pm,8:00pm,8:30pm
wednesday,6:30pm,7:00pm,7:30pm,8:00pm,8:30pm
thursday,6:30pm,7:00pm,7:30pm,8:00pm,8:30pm
friday,6:30pm,7:00pm,7:30pm,8:00pm,8:30pm
monday,8:30pm,9:00pm
thursday,6:30pm,7:00pm,7:30pm,8:00pm,8:30pm,9:00pm
friday,6:30pm,7:00pm,7:30pm,8:00pm,8:30pm,9:00pm
monday,6:30pm,7:00pm
friday,6:30pm,7:00pm,7:30pm,8:00pm,8:30pm,9:00pm
tuesday,7:30pm,8:00pm,8:30pm,9:00pm
thursday,7:30pm,8:00pm,8:30pm,9:00pm
friday,9:00pm
monday,7:30pm,8:00pm
wednesday,6:30pm,7:00pm,7:30pm,8:00pm,8:30pm
monday,6:30pm,7:00pm,7:30pm,8:00pm,8:30pm,9:00pm
tuesday,6:30pm,7:00pm,7:30pm,8:00pm,8:30pm,9:00pm
wednesday,6:30pm,7:00pm,7:30pm,8:00pm,8:30pm,9:00pm
monday,6:30pm,7:00pm,7:30pm
wednesday,6:30pm,7:00pm,7:30pm,8:00pm
thursday,6:30pm
monday,6:30pm,7:00pm
tuesday,6:30pm,7:00pm
wednesday,6:30pm,7:00pm
thursday,6:30pm,7:00pm
friday,6:30pm,7:00pm
monday,6:30pm
tuesday,6:30pm
wednesday,6:30pm
thursday,6:30pm
tuesday,6:30pm,7:00pm,7:30pm,8:00pm,8:30pm,9:00pm
friday,6:30pm,7:00pm,7:30pm,8:00pm,8:30pm,9:00pm
thursday,6:30pm,7:00pm,7:30pm,8:00pm
friday,6:30pm,7:00pm
wednesday,9:00pm
thursday,6:30pm,7:00pm,7:30pm,8:00pm,8:30pm,9:00pm
monday,7:00pm,7:30pm
tuesday,7:00pm,7:30pm
wednesday,7:00pm,7:30pm
thursday,7:00pm,7:30pm
friday,9:00pm
monday,8:00pm,8:30pm,9:00pm
wednesday,6:30pm,7:00pm,7:30pm,8:00pm,8:30pm,9:00pm
monday,6:30pm,7:00pm,7:30pm,8:00pm,8:30pm,9:00pm
wednesday,6:30pm,7:00pm,7:30pm,8:00pm,8:30pm,9:00pm
friday,9:00pm
friday,6:30pm,7:00pm,7:30pm
tuesday,8:30pm,9:00pm
wednesday,8:30pm,9:00pm
monday,6:30pm,7:00pm,7:30pm,8:00pm,8:30pm,9:00pm
tuesday,6:30pm,7:00pm,7:30pm,8:00pm,8:30pm,9:00pm
monday,6:30pm,7:00pm,7:30pm,8:00pm,8:30pm,9:00pm
monday,6:30pm,7:00pm,7:30pm,8:00pm,8:30pm,9:00pm
